,,,,,,,,,,,,
1,2023-10-07,06:19,Викрадення людини,lorem ipsum,3,184,23,11,18,4,0,1900-01-01
2,2023-07-05,21:26,Доведення до самогубства,lorem ipsum,29,411,15,15,24,3,1,2024-02-16
3,2023-02-04,05:14,Вбивство,lorem ipsum,26,264,12,25,9,5,0,1900-01-01
4,2023-05-21,07:52,Викрадення людини,lorem ipsum,19,49,17,8,19,2,0,1900-01-01
5,2023-12-18,07:47,Терористичний акт,lorem ipsum,9,158,13,10,24,4,1,2024-03-17
6,2023-05-02,21:13,Нанесення тяжких тілесних ушкоджень,lorem ipsum,13,86,20,22,9,1,1,2023-10-31
7,2023-01-28,11:23,Хуліганство,lorem ipsum,24,454,12,22,23,1,1,2024-01-21
8,2023-02-01,15:12,Здирство,lorem ipsum,28,62,17,19,7,3,1,2024-05-23
9,2023-06-09,06:22,Терористичний акт,lorem ipsum,19,151,19,6,9,2,0,1900-01-01
10,2023-05-15,01:32,Здирство,lorem ipsum,18,187,19,15,22,3,0,1900-01-01
11,2023-01-28,01:04,Викрадення людини,lorem ipsum,13,240,22,22,23,5,1,2023-10-23
12,2023-12-20,04:50,Здирство,lorem ipsum,15,469,9,11,21,3,0,1900-01-01
13,2023-03-16,13:36,Наклеп,lorem ipsum,6,365,22,19,6,2,0,1900-01-01
14,2023-12-08,12:09,Доведення до самогубства,lorem ipsum,14,321,15,12,19,2,1,2024-01-30
15,2023-07-05,19:30,Вбивство,lorem ipsum,28,255,15,19,8,3,1,2024-02-06
16,2023-10-29,05:31,Вбивство,lorem ipsum,20,281,24,19,12,5,1,2024-02-14
17,2023-04-07,22:48,Наклеп,lorem ipsum,10,114,10,17,8,1,1,2023-12-13
18,2023-06-28,07:59,Побої,lorem ipsum,1,350,12,19,11,1,0,1900-01-01
19,2023-04-23,09:15,Жорстоке поводження з тваринами,lorem ipsum,10,295,11,10,6,5,0,1900-01-01
20,2023-05-16,05:33,Вбивство,lorem ipsum,21,55,12,21,17,2,1,2023-11-11
21,2023-10-12,02:08,Наклеп,lorem ipsum,25,173,6,23,12,2,0,1900-01-01
22,2023-02-07,20:31,Хуліганство,lorem ipsum,12,378,14,13,11,2,0,1900-01-01
23,2023-11-06,23:54,Доведення до самогубства,lorem ipsum,5,380,19,22,10,1,1,2024-04-27
24,2023-12-15,02:07,Доведення до самогубства,lorem ipsum,16,368,9,21,13,5,1,2024-03-01
25,2023-11-12,01:45,Нанесення тяжких тілесних ушкоджень,lorem ipsum,7,245,17,22,21,5,1,2023-12-20
26,2023-05-11,20:50,Здирство,lorem ipsum,19,185,14,21,24,4,1,2024-02-03
27,2023-12-10,03:55,Здирство,lorem ipsum,7,417,9,8,11,3,0,1900-01-01
28,2023-11-27,05:48,Вбивство,lorem ipsum,12,113,25,11,8,2,0,1900-01-01
29,2023-03-22,01:38,Викрадення людини,lorem ipsum,28,327,15,11,24,1,1,2023-10-26
30,2023-09-12,14:10,Здирство,lorem ipsum,24,499,6,6,7,2,0,1900-01-01
31,2023-08-28,20:57,Наклеп,lorem ipsum,9,247,11,10,9,1,0,1900-01-01
32,2023-01-30,03:43,Жорстоке поводження з тваринами,lorem ipsum,12,326,24,21,23,2,1,2023-06-29
33,2023-09-20,18:22,Здирство,lorem ipsum,30,334,8,25,20,1,1,2023-11-14
34,2023-12-24,15:47,Викрадення людини,lorem ipsum,16,325,23,18,11,4,1,2024-04-22
35,2023-07-17,21:30,Побої,lorem ipsum,20,431,19,23,17,1,1,2023-07-24
36,2023-04-10,05:08,Побої,lorem ipsum,11,342,11,16,11,2,0,1900-01-01
37,2023-10-24,08:16,Терористичний акт,lorem ipsum,25,145,11,13,9,2,0,1900-01-01
38,2023-09-30,19:55,Побої,lorem ipsum,8,301,13,22,22,5,1,2024-01-30
39,2023-10-09,10:45,Хуліганство,lorem ipsum,25,456,17,15,21,4,0,1900-01-01
40,2023-01-13,22:50,Нанесення тяжких тілесних ушкоджень,lorem ipsum,20,82,25,14,22,2,0,1900-01-01
41,2023-01-18,13:50,Вбивство,lorem ipsum,8,347,25,24,12,1,1,2023-06-15
42,2023-07-26,00:11,Нанесення тяжких тілесних ушкоджень,lorem ipsum,16,249,9,8,15,3,1,2024-01-30
43,2023-02-19,18:39,Побої,lorem ipsum,14,372,7,6,7,2,1,2023-02-20
44,2023-09-15,11:19,Викрадення людини,lorem ipsum,10,275,17,12,10,2,1,2023-10-29
45,2023-12-12,01:01,Наклеп,lorem ipsum,10,472,16,14,12,5,0,1900-01-01
46,2023-04-11,14:25,Терористичний акт,lorem ipsum,2,428,8,16,16,2,0,1900-01-01
47,2023-12-22,00:43,Побої,lorem ipsum,25,351,15,22,22,2,1,2024-03-30
48,2023-08-26,06:37,Викрадення людини,lorem ipsum,11,171,25,14,13,4,0,1900-01-01
49,2023-01-03,07:37,Здирство,lorem ipsum,30,187,19,21,18,3,0,1900-01-01
50,2023-09-17,14:14,Вбивство,lorem ipsum,16,208,20,21,11,1,1,2024-05-24
51,2023-01-05,21:25,Нанесення тяжких тілесних ушкоджень,lorem ipsum,7,41,18,24,14,5,1,2023-06-04
52,2023-12-20,08:24,Терористичний акт,lorem ipsum,30,221,19,10,15,5,1,2024-04-06
53,2023-11-01,19:29,Викрадення людини,lorem ipsum,27,71,22,25,21,1,1,2024-01-15
54,2023-04-11,17:42,Хуліганство,lorem ipsum,21,63,20,16,6,4,0,1900-01-01
55,2023-11-05,08:51,Наклеп,lorem ipsum,17,378,16,19,15,5,0,1900-01-01
56,2023-11-09,17:05,Терористичний акт,lorem ipsum,27,168,11,23,11,1,1,2024-05-15
57,2023-07-12,21:12,Хуліганство,lorem ipsum,11,396,14,24,16,2,0,1900-01-01
58,2023-06-24,17:42,Здирство,lorem ipsum,6,347,17,11,17,4,0,1900-01-01
59,2023-02-25,16:30,Хуліганство,lorem ipsum,19,444,23,21,7,5,1,2023-08-23
60,2023-04-23,14:19,Хуліганство,lorem ipsum,28,218,19,16,11,2,1,2024-05-04
61,2023-08-28,03:28,Викрадення людини,lorem ipsum,6,451,9,16,23,1,1,2024-01-11
62,2023-08-11,13:31,Здирство,lorem ipsum,19,196,25,6,15,3,1,2023-08-20
63,2023-10-27,19:03,Вбивство,lorem ipsum,18,225,10,18,25,1,0,1900-01-01
64,2023-10-12,15:02,Вбивство,lorem ipsum,10,435,20,22,18,2,0,1900-01-01
65,2023-03-10,05:23,Хуліганство,lorem ipsum,28,177,13,20,12,2,1,2023-12-06
66,2023-12-17,14:50,Доведення до самогубства,lorem ipsum,19,418,11,18,20,2,0,1900-01-01
67,2023-06-06,11:11,Викрадення людини,lorem ipsum,16,57,24,15,10,5,0,1900-01-01
68,2023-01-03,08:47,Нанесення тяжких тілесних ушкоджень,lorem ipsum,9,346,20,25,18,2,1,2023-01-16
69,2023-12-24,06:43,Здирство,lorem ipsum,11,477,18,18,6,4,1,2024-02-20
70,2023-04-01,01:01,Вбивство,lorem ipsum,22,335,21,18,15,2,1,2024-04-07
71,2023-09-08,00:17,Наклеп,lorem ipsum,29,491,13,6,7,1,1,2023-09-17
72,2023-07-31,18:35,Наклеп,lorem ipsum,26,439,15,17,6,4,0,1900-01-01
73,2023-10-05,06:52,Здирство,lorem ipsum,30,303,22,10,10,3,0,1900-01-01
74,2023-01-03,20:03,Нанесення тяжких тілесних ушкоджень,lorem ipsum,10,434,15,23,25,2,1,2023-11-27
75,2023-04-17,05:28,Наклеп,lorem ipsum,11,94,17,6,14,5,0,1900-01-01
76,2023-08-06,19:39,Доведення до самогубства,lorem ipsum,18,97,10,8,24,5,0,1900-01-01
77,2023-06-17,20:10,Терористичний акт,lorem ipsum,7,464,23,11,16,4,1,2023-12-25
78,2023-05-19,07:34,Нанесення тяжких тілесних ушкоджень,lorem ipsum,22,123,25,17,22,4,1,2023-11-23
79,2023-07-13,00:01,Жорстоке поводження з тваринами,lorem ipsum,21,152,25,13,13,4,1,2024-02-22
80,2023-11-27,16:33,Побої,lorem ipsum,17,266,9,21,14,1,1,2024-04-06
81,2023-06-26,18:45,Жорстоке поводження з тваринами,lorem ipsum,25,84,24,25,21,3,0,1900-01-01
82,2023-08-09,11:07,Жорстоке поводження з тваринами,lorem ipsum,26,144,16,6,21,2,0,1900-01-01
83,2023-05-11,10:59,Хуліганство,lorem ipsum,23,458,24,6,21,1,1,2024-01-12
84,2023-04-29,23:28,Хуліганство,lorem ipsum,17,155,7,6,21,2,0,1900-01-01
85,2023-07-16,18:29,Наклеп,lorem ipsum,17,123,24,20,21,5,0,1900-01-01
86,2023-04-23,22:28,Терористичний акт,lorem ipsum,21,99,21,25,16,1,1,2023-07-26
87,2023-11-16,03:42,Викрадення людини,lorem ipsum,25,481,10,19,7,5,1,2024-04-29
88,2023-11-24,07:57,Побої,lorem ipsum,5,415,8,19,18,1,1,2024-04-12
89,2023-12-23,07:14,Терористичний акт,lorem ipsum,17,221,16,24,19,4,1,2023-12-31
90,2023-10-10,13:36,Наклеп,lorem ipsum,25,173,6,10,17,2,0,1900-01-01
91,2023-03-29,15:29,Викрадення людини,lorem ipsum,21,120,10,12,18,5,0,1900-01-01
92,2023-06-17,02:51,Нанесення тяжких тілесних ушкоджень,lorem ipsum,8,369,12,11,15,2,1,2023-07-13
93,2023-12-13,22:14,Здирство,lorem ipsum,26,38,17,12,20,5,0,1900-01-01
94,2023-11-04,11:43,Терористичний акт,lorem ipsum,5,424,25,24,25,1,0,1900-01-01
95,2023-05-03,11:32,Хуліганство,lorem ipsum,5,88,8,11,20,3,1,2023-10-13
96,2023-10-23,15:52,Здирство,lorem ipsum,8,397,14,21,8,2,1,2024-01-14
97,2023-08-03,16:11,Викрадення людини,lorem ipsum,4,99,19,15,15,3,1,2023-10-25
98,2023-01-01,14:18,Побої,lorem ipsum,5,133,25,10,17,2,1,2024-02-12
99,2023-06-17,20:17,Наклеп,lorem ipsum,19,249,20,21,7,3,0,1900-01-01
100,2023-08-31,19:53,Доведення до самогубства,lorem ipsum,11,365,16,24,13,1,0,1900-01-01
101,2023-03-04,17:53,Здирство,lorem ipsum,27,243,15,6,12,1,1,2024-04-18
102,2023-12-12,13:54,Наклеп,lorem ipsum,23,268,9,21,24,3,0,1900-01-01
103,2023-04-08,17:48,Доведення до самогубства,lorem ipsum,8,338,25,17,20,2,0,1900-01-01
104,2023-05-21,20:38,Вбивство,lorem ipsum,1,279,6,7,25,3,1,2023-08-18
105,2023-05-16,19:47,Наклеп,lorem ipsum,19,325,11,24,16,1,1,2024-03-13
106,2023-07-19,17:10,Побої,lorem ipsum,3,355,7,24,20,5,1,2024-02-16
107,2023-04-10,03:02,Здирство,lorem ipsum,18,280,25,25,11,2,1,2024-02-13
108,2023-12-15,00:13,Нанесення тяжких тілесних ушкоджень,lorem ipsum,9,303,23,21,16,4,0,1900-01-01
109,2023-07-31,10:25,Здирство,lorem ipsum,30,303,6,20,8,5,0,1900-01-01
110,2023-04-06,08:32,Наклеп,lorem ipsum,4,97,7,13,19,3,1,2024-04-30
111,2023-01-10,18:29,Побої,lorem ipsum,19,115,23,16,17,1,0,1900-01-01
112,2023-09-26,03:42,Викрадення людини,lorem ipsum,2,232,16,12,24,5,0,1900-01-01
113,2023-03-05,21:13,Нанесення тяжких тілесних ушкоджень,lorem ipsum,4,166,21,8,13,1,1,2023-07-13
114,2023-04-04,12:55,Хуліганство,lorem ipsum,11,291,23,19,15,1,1,2023-09-06
115,2023-07-23,00:11,Хуліганство,lorem ipsum,17,239,17,24,24,4,1,2023-09-26
116,2023-10-07,00:55,Вбивство,lorem ipsum,27,489,15,19,11,5,1,2024-03-12
117,2023-07-21,02:42,Доведення до самогубства,lorem ipsum,12,368,23,9,10,5,0,1900-01-01
118,2023-10-22,09:46,Побої,lorem ipsum,30,478,9,25,21,5,0,1900-01-01
119,2023-12-01,04:53,Жорстоке поводження з тваринами,lorem ipsum,19,36,22,12,24,4,1,2024-04-22
120,2023-10-29,11:56,Вбивство,lorem ipsum,1,231,18,18,16,2,0,1900-01-01
121,2023-06-17,01:27,Доведення до самогубства,lorem ipsum,16,345,15,23,23,2,0,1900-01-01
122,2023-09-05,23:42,Терористичний акт,lorem ipsum,23,190,6,18,15,3,1,2024-02-13
123,2023-09-07,10:44,Жорстоке поводження з тваринами,lorem ipsum,13,219,7,23,12,3,1,2024-02-21
124,2023-03-24,12:35,Нанесення тяжких тілесних ушкоджень,lorem ipsum,6,39,16,11,22,1,1,2023-06-25
125,2023-11-03,15:23,Терористичний акт,lorem ipsum,8,386,21,17,25,4,1,2024-03-22
126,2023-08-13,07:17,Викрадення людини,lorem ipsum,2,404,17,8,16,1,0,1900-01-01
127,2023-11-02,15:25,Терористичний акт,lorem ipsum,1,269,25,12,8,3,0,1900-01-01
128,2023-08-14,05:55,Наклеп,lorem ipsum,21,227,7,19,8,5,1,2024-01-22
129,2023-10-28,05:18,Терористичний акт,lorem ipsum,11,493,20,21,20,5,0,1900-01-01
130,2023-04-09,04:33,Викрадення людини,lorem ipsum,30,298,16,20,24,2,0,1900-01-01
131,2023-11-02,06:47,Доведення до самогубства,lorem ipsum,3,395,20,25,14,2,1,2024-01-08
132,2023-09-09,22:26,Здирство,lorem ipsum,1,36,13,24,11,1,1,2024-04-04
133,2023-12-07,00:46,Хуліганство,lorem ipsum,6,242,15,12,14,3,1,2024-01-26
134,2023-06-05,04:50,Жорстоке поводження з тваринами,lorem ipsum,16,160,17,13,22,3,1,2024-01-14
135,2023-02-02,10:25,Здирство,lorem ipsum,25,224,8,23,9,5,0,1900-01-01
136,2023-04-04,01:27,Хуліганство,lorem ipsum,20,410,17,22,16,4,0,1900-01-01
137,2023-05-24,01:14,Терористичний акт,lorem ipsum,19,369,22,23,21,2,1,2024-03-05
138,2023-11-05,08:06,Жорстоке поводження з тваринами,lorem ipsum,27,314,10,12,22,2,0,1900-01-01
139,2023-07-26,09:46,Жорстоке поводження з тваринами,lorem ipsum,3,218,18,6,15,4,0,1900-01-01
140,2023-05-06,17:50,Побої,lorem ipsum,9,271,11,18,7,4,1,2024-03-30
141,2023-04-27,13:32,Здирство,lorem ipsum,3,363,20,8,24,2,1,2023-09-29
142,2023-08-30,00:49,Побої,lorem ipsum,2,303,10,14,17,3,1,2024-03-12
143,2023-08-29,09:09,Нанесення тяжких тілесних ушкоджень,lorem ipsum,26,333,21,13,8,5,1,2023-12-28
144,2023-01-06,11:15,Вбивство,lorem ipsum,27,123,11,13,14,1,0,1900-01-01
145,2023-05-25,03:42,Побої,lorem ipsum,14,379,13,6,6,2,0,1900-01-01
146,2023-03-16,01:10,Здирство,lorem ipsum,18,310,7,9,7,5,1,2024-02-07
147,2023-12-26,10:15,Терористичний акт,lorem ipsum,3,220,16,20,15,5,0,1900-01-01
148,2023-10-01,16:55,Жорстоке поводження з тваринами,lorem ipsum,7,228,24,21,14,1,0,1900-01-01
149,2023-10-16,08:38,Викрадення людини,lorem ipsum,16,75,16,23,23,1,1,2024-05-01
150,2023-01-31,04:42,Вбивство,lorem ipsum,6,328,19,10,24,4,1,2023-04-12
151,2023-11-15,16:43,Доведення до самогубства,lorem ipsum,2,422,25,23,7,1,1,2023-11-19
152,2023-03-21,15:38,Викрадення людини,lorem ipsum,11,43,18,20,12,2,1,2023-10-10
153,2023-06-29,00:52,Терористичний акт,lorem ipsum,9,50,9,16,14,2,0,1900-01-01
154,2023-08-24,00:57,Доведення до самогубства,lorem ipsum,25,230,8,17,17,3,0,1900-01-01
155,2023-07-06,16:05,Доведення до самогубства,lorem ipsum,5,434,19,10,21,3,1,2023-12-18
156,2023-08-16,21:44,Побої,lorem ipsum,9,493,12,14,25,5,0,1900-01-01
157,2023-10-28,16:37,Побої,lorem ipsum,5,418,9,18,24,3,0,1900-01-01
158,2023-01-27,05:31,Здирство,lorem ipsum,9,341,10,22,23,4,1,2023-03-13
159,2023-05-19,21:14,Наклеп,lorem ipsum,16,432,13,24,11,4,1,2024-03-25
160,2023-04-30,17:58,Жорстоке поводження з тваринами,lorem ipsum,22,352,8,21,23,4,1,2023-07-12
161,2023-04-22,03:30,Побої,lorem ipsum,10,499,23,20,18,3,1,2023-07-15
162,2023-04-29,22:56,Терористичний акт,lorem ipsum,25,198,15,17,25,3,0,1900-01-01
163,2023-10-04,18:20,Жорстоке поводження з тваринами,lorem ipsum,18,375,8,11,10,5,0,1900-01-01
164,2023-02-21,10:15,Доведення до самогубства,lorem ipsum,6,491,25,18,14,2,1,2023-12-29
165,2023-03-08,17:15,Наклеп,lorem ipsum,28,206,15,23,10,5,0,1900-01-01
166,2023-02-11,17:48,Здирство,lorem ipsum,11,59,14,18,10,1,0,1900-01-01
167,2023-06-29,18:50,Хуліганство,lorem ipsum,9,431,6,22,7,1,1,2024-01-12
168,2023-10-10,02:35,Хуліганство,lorem ipsum,8,34,7,22,20,3,1,2023-11-21
169,2023-06-19,11:34,Жорстоке поводження з тваринами,lorem ipsum,8,173,12,16,11,2,1,2024-05-04
170,2023-10-24,04:12,Наклеп,lorem ipsum,23,318,6,14,11,3,1,2024-04-30
171,2023-12-27,16:13,Доведення до самогубства,lorem ipsum,9,320,25,21,18,1,0,1900-01-01
172,2023-09-18,08:54,Побої,lorem ipsum,23,297,19,15,25,2,0,1900-01-01
173,2023-09-02,16:07,Хуліганство,lorem ipsum,7,334,17,7,19,4,1,2023-10-01
174,2023-06-12,04:59,Доведення до самогубства,lorem ipsum,15,253,23,13,6,5,0,1900-01-01
175,2023-07-29,21:20,Доведення до самогубства,lorem ipsum,20,336,16,16,6,2,0,1900-01-01
176,2023-08-15,09:16,Наклеп,lorem ipsum,12,392,18,8,21,5,1,2023-10-23
177,2023-10-22,22:52,Наклеп,lorem ipsum,23,495,25,12,19,5,1,2024-05-29
178,2023-08-31,18:39,Нанесення тяжких тілесних ушкоджень,lorem ipsum,2,193,20,23,13,4,1,2023-09-24
179,2023-12-07,06:05,Вбивство,lorem ipsum,27,275,24,12,6,1,1,2024-04-12
180,2023-01-25,15:15,Наклеп,lorem ipsum,9,146,19,10,8,3,0,1900-01-01
181,2023-11-17,11:07,Викрадення людини,lorem ipsum,28,190,22,19,15,3,0,1900-01-01
182,2023-02-24,10:41,Нанесення тяжких тілесних ушкоджень,lorem ipsum,7,356,14,6,23,2,1,2024-05-20
183,2023-05-28,00:07,Здирство,lorem ipsum,5,41,8,8,13,2,0,1900-01-01
184,2023-01-19,01:22,Здирство,lorem ipsum,18,152,23,6,24,2,0,1900-01-01
185,2023-08-22,18:04,Терористичний акт,lorem ipsum,5,270,23,21,8,3,1,2024-05-17
186,2023-07-28,11:02,Побої,lorem ipsum,11,452,6,11,6,2,1,2024-05-25
187,2023-09-13,07:46,Викрадення людини,lorem ipsum,16,475,20,23,24,2,1,2023-11-16
188,2023-04-11,14:49,Доведення до самогубства,lorem ipsum,28,473,7,14,8,3,1,2024-04-11
189,2023-10-10,05:26,Нанесення тяжких тілесних ушкоджень,lorem ipsum,29,472,21,7,17,1,0,1900-01-01
190,2023-03-22,08:35,Жорстоке поводження з тваринами,lorem ipsum,21,156,20,16,10,4,0,1900-01-01
191,2023-08-19,14:58,Вбивство,lorem ipsum,12,31,11,19,13,3,1,2023-12-12
192,2023-07-16,08:11,Вбивство,lorem ipsum,21,211,23,14,17,5,0,1900-01-01
193,2023-07-23,15:24,Доведення до самогубства,lorem ipsum,11,93,14,14,14,2,0,1900-01-01
194,2023-12-26,22:26,Вбивство,lorem ipsum,14,31,8,21,7,3,1,2024-05-26
195,2023-01-31,22:22,Вбивство,lorem ipsum,17,70,7,15,19,3,1,2023-03-30
196,2023-10-02,15:26,Нанесення тяжких тілесних ушкоджень,lorem ipsum,12,42,11,25,7,3,1,2023-10-06
197,2023-02-05,06:09,Наклеп,lorem ipsum,8,305,8,6,13,1,1,2024-05-21
198,2023-12-24,10:11,Нанесення тяжких тілесних ушкоджень,lorem ipsum,7,273,12,23,17,1,0,1900-01-01
199,2023-12-19,14:19,Хуліганство,lorem ipsum,6,416,7,20,12,1,0,1900-01-01
200,2023-05-07,09:28,Терористичний акт,lorem ipsum,17,433,8,8,13,4,1,2024-02-11
201,2023-06-20,21:17,Терористичний акт,lorem ipsum,25,332,16,20,25,3,0,1900-01-01
202,2023-04-18,19:36,Жорстоке поводження з тваринами,lorem ipsum,30,403,17,7,9,3,0,1900-01-01
203,2023-01-30,17:52,Доведення до самогубства,lorem ipsum,9,253,21,22,11,1,1,2023-02-13
204,2023-05-09,03:24,Вбивство,lorem ipsum,18,228,24,14,8,2,1,2024-01-29
205,2023-04-06,13:16,Побої,lorem ipsum,14,138,16,24,9,3,1,2023-08-02
206,2023-01-28,19:12,Наклеп,lorem ipsum,12,407,20,17,14,4,1,2023-04-24
207,2023-09-20,18:37,Нанесення тяжких тілесних ушкоджень,lorem ipsum,3,499,22,12,6,2,0,1900-01-01
208,2023-10-06,04:37,Викрадення людини,lorem ipsum,7,181,6,9,7,4,0,1900-01-01
209,2023-10-19,15:12,Доведення до самогубства,lorem ipsum,20,294,25,19,12,4,1,2024-02-19
210,2023-04-03,18:47,Викрадення людини,lorem ipsum,1,271,9,10,10,4,0,1900-01-01
211,2023-08-24,04:19,Доведення до самогубства,lorem ipsum,12,124,9,21,8,5,0,1900-01-01
212,2023-10-18,17:11,Здирство,lorem ipsum,15,296,15,12,20,3,1,2024-01-31
213,2023-10-25,14:12,Терористичний акт,lorem ipsum,6,317,23,21,25,1,1,2024-04-04
214,2023-10-27,19:35,Вбивство,lorem ipsum,9,52,18,7,14,4,1,2023-11-17
215,2023-10-05,02:35,Нанесення тяжких тілесних ушкоджень,lorem ipsum,30,150,17,6,15,5,1,2023-10-23
216,2023-03-09,12:13,Побої,lorem ipsum,29,219,10,17,8,3,0,1900-01-01
217,2023-07-16,17:24,Жорстоке поводження з тваринами,lorem ipsum,12,135,6,20,7,1,0,1900-01-01
218,2023-08-05,15:17,Викрадення людини,lorem ipsum,16,412,8,17,24,1,1,2024-03-30
219,2023-08-12,16:51,Жорстоке поводження з тваринами,lorem ipsum,28,181,25,7,20,2,0,1900-01-01
220,2023-10-02,17:53,Побої,lorem ipsum,25,452,15,13,21,1,0,1900-01-01
221,2023-12-04,18:08,Наклеп,lorem ipsum,6,245,20,24,20,1,1,2024-01-29
222,2023-07-08,05:27,Жорстоке поводження з тваринами,lorem ipsum,20,283,16,18,14,3,1,2024-05-26
223,2023-06-20,05:10,Викрадення людини,lorem ipsum,3,162,13,21,24,2,1,2023-09-11
224,2023-05-10,11:31,Побої,lorem ipsum,22,419,16,16,11,4,1,2023-10-14
225,2023-03-29,13:04,Доведення до самогубства,lorem ipsum,6,223,23,15,21,2,0,1900-01-01
226,2023-08-26,03:43,Побої,lorem ipsum,17,215,25,22,25,5,0,1900-01-01
227,2023-09-04,10:05,Вбивство,lorem ipsum,22,218,18,11,21,3,1,2024-04-08
228,2023-06-09,07:26,Хуліганство,lorem ipsum,9,284,17,14,14,4,0,1900-01-01
229,2023-12-01,03:18,Терористичний акт,lorem ipsum,5,83,19,20,20,3,0,1900-01-01
230,2023-03-15,18:04,Вбивство,lorem ipsum,20,91,20,11,15,1,1,2023-05-16
231,2023-09-06,20:51,Здирство,lorem ipsum,14,233,15,24,13,5,1,2024-04-01
232,2023-08-15,15:39,Викрадення людини,lorem ipsum,4,362,18,16,10,4,1,2024-03-23
233,2023-02-03,03:39,Наклеп,lorem ipsum,1,78,9,21,13,1,1,2023-10-11
234,2023-02-17,08:27,Здирство,lorem ipsum,18,308,14,19,6,2,0,1900-01-01
235,2023-12-06,22:52,Терористичний акт,lorem ipsum,12,265,11,7,20,4,0,1900-01-01
236,2023-10-16,19:09,Наклеп,lorem ipsum,8,211,13,23,24,2,1,2024-02-15
237,2023-01-14,19:32,Побої,lorem ipsum,8,373,20,7,24,5,0,1900-01-01
238,2023-01-17,09:29,Доведення до самогубства,lorem ipsum,20,403,18,20,8,5,0,1900-01-01
239,2023-01-01,13:55,Хуліганство,lorem ipsum,2,444,11,7,9,1,1,2023-06-19
240,2023-12-13,21:52,Хуліганство,lorem ipsum,9,164,6,10,14,2,1,2024-01-19
241,2023-01-21,20:35,Викрадення людини,lorem ipsum,21,467,10,6,20,1,1,2023-11-14
242,2023-03-20,10:40,Доведення до самогубства,lorem ipsum,4,183,11,25,17,1,1,2023-12-25
243,2023-11-25,15:42,Наклеп,lorem ipsum,7,279,23,15,12,5,0,1900-01-01
244,2023-03-25,09:55,Вбивство,lorem ipsum,7,438,9,11,6,4,0,1900-01-01
245,2023-11-10,17:29,Побої,lorem ipsum,2,257,10,18,7,1,1,2024-03-12
246,2023-11-29,12:13,Вбивство,lorem ipsum,7,222,9,19,7,4,0,1900-01-01
247,2023-05-12,02:56,Нанесення тяжких тілесних ушкоджень,lorem ipsum,17,129,22,7,23,4,0,1900-01-01
248,2023-06-05,16:55,Доведення до самогубства,lorem ipsum,11,118,6,23,17,5,1,2024-04-14
249,2023-10-13,02:14,Доведення до самогубства,lorem ipsum,4,303,16,17,6,4,1,2024-02-10
250,2023-12-01,08:59,Доведення до самогубства,lorem ipsum,10,410,12,9,19,3,1,2024-05-17
251,2023-10-07,10:22,Наклеп,lorem ipsum,30,189,23,7,9,3,1,2023-12-03
252,2023-05-01,05:21,Вбивство,lorem ipsum,13,284,14,9,9,1,0,1900-01-01
253,2023-07-29,20:07,Доведення до самогубства,lorem ipsum,27,141,17,19,20,5,0,1900-01-01
254,2023-04-06,18:42,Хуліганство,lorem ipsum,26,119,18,19,7,1,1,2023-08-15
255,2023-03-04,23:51,Вбивство,lorem ipsum,3,242,22,20,8,1,0,1900-01-01
256,2023-03-31,09:22,Хуліганство,lorem ipsum,28,351,21,24,17,1,0,1900-01-01
257,2023-01-20,05:22,Викрадення людини,lorem ipsum,7,208,19,24,22,4,1,2023-05-29
258,2023-04-09,11:11,Наклеп,lorem ipsum,19,429,7,24,8,1,1,2023-08-26
259,2023-11-21,08:27,Доведення до самогубства,lorem ipsum,13,473,14,15,9,4,1,2024-02-22
260,2023-04-18,20:09,Терористичний акт,lorem ipsum,28,303,24,21,19,4,1,2024-02-07
261,2023-08-09,03:34,Терористичний акт,lorem ipsum,5,417,16,21,11,1,0,1900-01-01
262,2023-10-05,04:20,Викрадення людини,lorem ipsum,17,404,24,9,16,4,0,1900-01-01
263,2023-11-15,07:57,Доведення до самогубства,lorem ipsum,29,36,8,10,20,2,1,2024-02-28
264,2023-04-28,11:39,Терористичний акт,lorem ipsum,23,234,7,15,24,4,0,1900-01-01
265,2023-07-18,20:34,Хуліганство,lorem ipsum,17,138,13,21,21,4,0,1900-01-01
266,2023-09-15,19:36,Здирство,lorem ipsum,21,475,20,22,17,2,1,2024-02-28
267,2023-02-16,05:14,Наклеп,lorem ipsum,22,181,14,23,10,3,1,2023-04-30
268,2023-05-10,22:38,Вбивство,lorem ipsum,19,449,16,20,7,1,1,2023-06-08
269,2023-09-20,06:37,Нанесення тяжких тілесних ушкоджень,lorem ipsum,22,116,9,13,21,5,1,2023-10-26
270,2023-10-02,03:48,Побої,lorem ipsum,21,255,19,24,9,2,0,1900-01-01
271,2023-04-16,02:17,Терористичний акт,lorem ipsum,18,306,11,21,16,4,0,1900-01-01
272,2023-08-25,14:22,Доведення до самогубства,lorem ipsum,8,68,7,18,14,1,1,2024-03-03
273,2023-03-25,17:47,Вбивство,lorem ipsum,9,62,9,12,23,3,0,1900-01-01
274,2023-06-05,20:44,Вбивство,lorem ipsum,22,162,6,8,19,4,0,1900-01-01
275,2023-10-02,08:45,Доведення до самогубства,lorem ipsum,15,121,23,16,23,5,1,2024-01-31
276,2023-02-17,06:26,Здирство,lorem ipsum,5,81,15,14,9,4,1,2024-02-21
277,2023-05-24,08:45,Нанесення тяжких тілесних ушкоджень,lorem ipsum,22,73,20,20,21,1,1,2023-10-11
278,2023-11-25,12:17,Хуліганство,lorem ipsum,14,205,22,22,24,1,1,2024-01-07
279,2023-06-13,08:28,Здирство,lorem ipsum,1,304,10,25,12,1,0,1900-01-01
280,2023-02-27,11:02,Жорстоке поводження з тваринами,lorem ipsum,15,163,9,7,22,4,0,1900-01-01
281,2023-12-21,15:01,Вбивство,lorem ipsum,23,479,18,20,9,1,1,2024-04-28
282,2023-10-21,02:42,Здирство,lorem ipsum,9,328,18,19,9,4,0,1900-01-01
283,2023-12-04,05:57,Хуліганство,lorem ipsum,18,337,25,19,25,4,0,1900-01-01
284,2023-11-13,06:57,Викрадення людини,lorem ipsum,16,426,18,12,23,4,1,2023-12-26
285,2023-10-17,21:38,Здирство,lorem ipsum,17,483,14,21,18,1,1,2024-05-03
286,2023-07-30,19:14,Жорстоке поводження з тваринами,lorem ipsum,18,410,12,18,14,1,1,2024-04-26
287,2023-07-23,05:33,Терористичний акт,lorem ipsum,23,472,10,14,17,2,1,2023-12-20
288,2023-06-21,08:45,Жорстоке поводження з тваринами,lorem ipsum,28,215,10,18,22,2,0,1900-01-01
289,2023-07-14,19:13,Терористичний акт,lorem ipsum,22,299,11,15,16,1,0,1900-01-01
290,2023-04-09,22:41,Здирство,lorem ipsum,29,276,22,20,13,3,1,2023-11-06
291,2023-03-16,04:44,Вбивство,lorem ipsum,1,163,13,22,23,2,0,1900-01-01
292,2023-09-20,23:01,Нанесення тяжких тілесних ушкоджень,lorem ipsum,16,296,24,23,25,3,0,1900-01-01
293,2023-05-21,22:07,Нанесення тяжких тілесних ушкоджень,lorem ipsum,11,488,13,8,18,2,1,2023-11-27
294,2023-02-07,16:33,Жорстоке поводження з тваринами,lorem ipsum,6,250,6,22,19,2,1,2023-12-16
295,2023-09-06,07:59,Наклеп,lorem ipsum,15,455,13,9,8,5,1,2024-03-02
296,2023-07-08,20:13,Жорстоке поводження з тваринами,lorem ipsum,11,416,13,14,19,4,1,2023-08-16
297,2023-07-01,08:02,Здирство,lorem ipsum,12,350,7,23,15,1,0,1900-01-01
298,2023-06-12,19:24,Викрадення людини,lorem ipsum,25,469,21,16,16,4,0,1900-01-01
299,2023-01-05,04:00,Вбивство,lorem ipsum,13,490,8,9,13,5,1,2023-03-31
300,2023-12-31,19:36,Вбивство,lorem ipsum,10,492,19,11,17,2,0,1900-01-01
301,2023-01-13,15:10,Вбивство,lorem ipsum,3,346,22,11,19,4,0,1900-01-01
302,2023-10-06,07:11,Побої,lorem ipsum,29,212,18,13,21,2,1,2024-03-18
303,2023-01-21,05:16,Хуліганство,lorem ipsum,25,39,18,23,6,4,1,2023-09-05
304,2023-09-29,11:26,Побої,lorem ipsum,29,187,6,13,20,4,1,2024-04-13
305,2023-12-05,22:08,Здирство,lorem ipsum,9,293,13,14,8,2,1,2024-05-25
306,2023-09-12,04:24,Здирство,lorem ipsum,7,34,21,18,10,5,0,1900-01-01
307,2023-08-20,10:24,Нанесення тяжких тілесних ушкоджень,lorem ipsum,8,484,20,23,7,2,0,1900-01-01
308,2023-05-08,06:35,Хуліганство,lorem ipsum,6,456,11,11,23,4,1,2024-05-27
309,2023-10-01,21:48,Викрадення людини,lorem ipsum,18,424,16,17,14,3,0,1900-01-01
310,2023-11-20,07:36,Терористичний акт,lorem ipsum,9,95,22,18,23,1,0,1900-01-01
311,2023-05-18,05:46,Вбивство,lorem ipsum,24,76,14,25,12,2,1,2024-03-05
312,2023-12-13,19:52,Терористичний акт,lorem ipsum,14,223,13,20,14,3,1,2024-03-14
313,2023-01-27,02:46,Жорстоке поводження з тваринами,lorem ipsum,30,477,15,7,8,1,1,2023-09-01
314,2023-08-09,01:39,Жорстоке поводження з тваринами,lorem ipsum,19,199,10,21,14,5,1,2024-03-14
315,2023-04-08,03:43,Нанесення тяжких тілесних ушкоджень,lorem ipsum,28,46,7,14,21,4,0,1900-01-01
316,2023-06-13,13:25,Наклеп,lorem ipsum,27,151,15,22,25,1,0,1900-01-01
317,2023-10-24,10:36,Жорстоке поводження з тваринами,lorem ipsum,13,492,24,19,18,2,1,2023-11-30
318,2023-07-01,16:11,Наклеп,lorem ipsum,14,223,19,13,15,4,0,1900-01-01
319,2023-06-18,13:00,Наклеп,lorem ipsum,2,47,21,10,17,2,0,1900-01-01
320,2023-01-11,16:15,Викрадення людини,lorem ipsum,25,375,16,20,15,5,1,2023-06-07
321,2023-04-21,18:07,Нанесення тяжких тілесних ушкоджень,lorem ipsum,16,47,10,7,20,2,1,2023-07-13
322,2023-08-25,17:42,Доведення до самогубства,lorem ipsum,3,387,12,24,12,5,1,2023-11-15
323,2023-11-01,03:30,Терористичний акт,lorem ipsum,27,30,7,9,13,3,1,2024-02-15
324,2023-01-31,20:27,Наклеп,lorem ipsum,13,112,9,21,21,2,0,1900-01-01
325,2023-11-09,01:46,Хуліганство,lorem ipsum,8,453,18,6,24,1,0,1900-01-01
326,2023-12-19,08:43,Викрадення людини,lorem ipsum,23,142,7,22,19,3,1,2024-03-02
327,2023-03-19,11:14,Жорстоке поводження з тваринами,lorem ipsum,6,422,6,19,13,2,0,1900-01-01
328,2023-08-24,12:39,Доведення до самогубства,lorem ipsum,15,297,16,8,6,3,0,1900-01-01
329,2023-12-25,18:08,Викрадення людини,lorem ipsum,28,353,24,12,21,2,1,2024-02-01
330,2023-01-12,16:47,Нанесення тяжких тілесних ушкоджень,lorem ipsum,15,191,20,12,21,5,1,2023-05-13
331,2023-10-04,01:15,Вбивство,lorem ipsum,19,334,8,13,22,1,1,2023-10-16
332,2023-02-11,10:16,Хуліганство,lorem ipsum,9,302,10,6,8,3,1,2023-08-17
333,2023-12-22,13:14,Наклеп,lorem ipsum,10,457,25,15,25,3,0,1900-01-01
334,2023-06-05,11:32,Хуліганство,lorem ipsum,11,240,14,21,6,1,0,1900-01-01
335,2023-08-26,01:18,Доведення до самогубства,lorem ipsum,28,30,18,25,15,2,1,2024-03-02
336,2023-06-06,00:05,Наклеп,lorem ipsum,7,107,17,9,11,4,0,1900-01-01
337,2023-10-18,04:30,Хуліганство,lorem ipsum,5,322,9,24,13,5,0,1900-01-01
338,2023-03-16,08:43,Здирство,lorem ipsum,3,155,8,11,18,3,1,2023-08-06
339,2023-01-27,16:49,Наклеп,lorem ipsum,8,339,23,15,12,2,1,2023-10-04
340,2023-09-06,00:15,Хуліганство,lorem ipsum,1,417,15,12,17,1,1,2023-09-27
341,2023-08-17,19:55,Здирство,lorem ipsum,9,438,13,22,11,3,1,2024-03-12
342,2023-04-20,15:57,Здирство,lorem ipsum,18,219,25,18,19,4,0,1900-01-01
343,2023-06-28,07:45,Доведення до самогубства,lorem ipsum,9,69,24,6,9,4,0,1900-01-01
344,2023-05-18,08:37,Наклеп,lorem ipsum,13,269,10,14,20,4,1,2024-02-25
345,2023-06-23,00:23,Доведення до самогубства,lorem ipsum,27,133,13,21,7,2,0,1900-01-01
346,2023-04-03,23:04,Побої,lorem ipsum,12,398,16,24,6,5,0,1900-01-01
347,2023-11-25,21:29,Нанесення тяжких тілесних ушкоджень,lorem ipsum,29,387,20,15,7,2,1,2024-01-30
348,2023-03-13,05:19,Побої,lorem ipsum,28,59,22,16,11,3,1,2023-10-14
349,2023-05-28,16:22,Доведення до самогубства,lorem ipsum,16,190,19,20,20,2,1,2023-08-16
350,2023-05-16,20:09,Вбивство,lorem ipsum,8,55,18,8,13,1,1,2023-11-16
351,2023-01-15,03:53,Нанесення тяжких тілесних ушкоджень,lorem ipsum,7,249,12,22,23,4,0,1900-01-01
352,2023-11-19,00:42,Доведення до самогубства,lorem ipsum,22,291,24,12,9,2,0,1900-01-01
353,2023-07-23,21:34,Вбивство,lorem ipsum,11,224,11,17,18,2,1,2023-07-27
354,2023-12-15,23:43,Побої,lorem ipsum,5,115,16,17,18,3,0,1900-01-01
355,2023-08-28,22:11,Вбивство,lorem ipsum,30,342,17,25,11,2,0,1900-01-01
356,2023-08-15,04:47,Доведення до самогубства,lorem ipsum,13,340,14,8,22,2,1,2023-10-30
357,2023-06-08,12:30,Хуліганство,lorem ipsum,13,109,25,18,23,3,1,2024-05-08
358,2023-06-03,21:25,Наклеп,lorem ipsum,24,418,6,24,17,1,1,2023-06-26
359,2023-12-20,14:37,Вбивство,lorem ipsum,7,447,21,24,21,5,1,2024-05-06
360,2023-03-19,19:25,Вбивство,lorem ipsum,15,295,20,10,19,4,0,1900-01-01
361,2023-11-25,04:55,Здирство,lorem ipsum,9,432,15,16,11,5,0,1900-01-01
362,2023-09-12,19:25,Доведення до самогубства,lorem ipsum,18,405,20,12,7,2,1,2024-05-08
363,2023-09-25,22:14,Здирство,lorem ipsum,8,458,13,10,21,2,0,1900-01-01
364,2023-06-12,14:21,Побої,lorem ipsum,25,289,7,7,18,4,0,1900-01-01
365,2023-08-19,00:37,Нанесення тяжких тілесних ушкоджень,lorem ipsum,14,223,19,12,21,2,1,2023-10-21
366,2023-04-20,19:44,Викрадення людини,lorem ipsum,20,47,12,13,15,2,1,2023-12-25
367,2023-03-07,15:55,Хуліганство,lorem ipsum,3,415,15,7,21,1,1,2023-09-26
368,2023-07-06,02:30,Терористичний акт,lorem ipsum,20,157,18,14,16,3,1,2024-01-25
369,2023-09-03,21:32,Наклеп,lorem ipsum,23,343,19,24,9,2,0,1900-01-01
370,2023-03-27,23:15,Хуліганство,lorem ipsum,1,246,13,8,15,3,0,1900-01-01
371,2023-10-23,02:56,Викрадення людини,lorem ipsum,13,45,11,11,19,2,1,2024-03-02
372,2023-04-27,09:35,Вбивство,lorem ipsum,20,89,9,15,11,2,0,1900-01-01
373,2023-10-06,08:18,Здирство,lorem ipsum,6,170,20,21,16,3,0,1900-01-01
374,2023-08-24,21:09,Здирство,lorem ipsum,21,111,11,22,11,4,1,2024-05-20
375,2023-04-05,01:59,Хуліганство,lorem ipsum,24,446,6,10,13,3,1,2023-12-12
376,2023-02-07,14:42,Наклеп,lorem ipsum,23,427,23,17,24,2,1,2023-05-28
377,2023-09-08,18:00,Доведення до самогубства,lorem ipsum,16,167,23,15,11,3,1,2024-02-04
378,2023-06-26,14:52,Вбивство,lorem ipsum,6,380,19,8,10,3,0,1900-01-01
379,2023-02-20,15:17,Здирство,lorem ipsum,1,101,12,21,25,1,0,1900-01-01
380,2023-10-10,00:23,Доведення до самогубства,lorem ipsum,16,36,11,20,25,2,1,2023-12-11
381,2023-03-21,05:15,Здирство,lorem ipsum,18,305,18,24,20,4,0,1900-01-01
382,2023-03-25,12:57,Жорстоке поводження з тваринами,lorem ipsum,5,419,25,7,19,5,0,1900-01-01
383,2023-01-31,06:25,Наклеп,lorem ipsum,21,347,15,16,20,3,1,2023-09-24
384,2023-04-11,09:07,Доведення до самогубства,lorem ipsum,24,190,20,19,23,2,1,2023-05-21
385,2023-02-01,11:08,Доведення до самогубства,lorem ipsum,18,354,23,11,22,2,1,2023-08-30
386,2023-11-05,04:20,Вбивство,lorem ipsum,2,90,21,14,11,1,1,2024-01-07
387,2023-09-24,11:42,Наклеп,lorem ipsum,25,343,25,25,11,4,0,1900-01-01
388,2023-03-18,04:49,Викрадення людини,lorem ipsum,3,51,22,25,11,5,0,1900-01-01
389,2023-11-11,19:42,Вбивство,lorem ipsum,6,464,8,10,9,4,1,2023-12-27
390,2023-04-15,03:28,Вбивство,lorem ipsum,19,417,21,10,23,3,0,1900-01-01
391,2023-10-13,15:04,Здирство,lorem ipsum,21,282,6,12,12,1,0,1900-01-01
392,2023-04-14,07:57,Викрадення людини,lorem ipsum,17,87,25,18,23,3,1,2024-04-12
393,2023-11-19,18:58,Викрадення людини,lorem ipsum,5,271,20,18,11,3,1,2024-05-02
394,2023-09-18,23:47,Здирство,lorem ipsum,6,224,17,23,6,4,1,2024-01-01
395,2023-04-03,05:13,Жорстоке поводження з тваринами,lorem ipsum,19,425,15,21,14,2,1,2023-11-01
396,2023-08-22,10:09,Доведення до самогубства,lorem ipsum,21,499,20,8,7,4,0,1900-01-01
397,2023-01-18,04:52,Жорстоке поводження з тваринами,lorem ipsum,4,433,18,20,9,1,0,1900-01-01
398,2023-09-05,02:40,Жорстоке поводження з тваринами,lorem ipsum,30,62,20,11,25,3,1,2023-11-29
399,2023-06-20,16:41,Викрадення людини,lorem ipsum,29,34,8,10,17,3,0,1900-01-01
400,2023-08-01,14:40,Побої,lorem ipsum,30,195,15,23,22,2,0,1900-01-01
401,2023-10-20,23:31,Нанесення тяжких тілесних ушкоджень,lorem ipsum,24,403,25,21,8,5,1,2023-11-10
402,2023-04-07,04:35,Наклеп,lorem ipsum,23,66,16,10,8,5,1,2023-10-26
403,2023-01-28,10:31,Терористичний акт,lorem ipsum,5,484,20,10,8,3,1,2023-05-24
404,2023-03-13,01:43,Побої,lorem ipsum,8,264,25,17,22,1,1,2023-07-07
405,2023-01-02,06:37,Терористичний акт,lorem ipsum,24,162,15,16,14,4,0,1900-01-01
406,2023-08-16,09:50,Нанесення тяжких тілесних ушкоджень,lorem ipsum,1,63,24,6,14,4,0,1900-01-01
407,2023-06-11,09:03,Здирство,lorem ipsum,3,477,24,8,12,5,1,2024-01-13
408,2023-06-07,06:35,Нанесення тяжких тілесних ушкоджень,lorem ipsum,26,42,25,23,20,3,0,1900-01-01
409,2023-10-12,07:04,Побої,lorem ipsum,15,206,12,12,10,2,0,1900-01-01
410,2023-09-16,07:33,Викрадення людини,lorem ipsum,26,161,13,6,21,4,1,2023-11-28
411,2023-10-06,20:20,Здирство,lorem ipsum,28,246,22,6,14,4,1,2024-04-18
412,2023-04-18,01:39,Викрадення людини,lorem ipsum,21,117,22,15,23,2,1,2024-04-23
413,2023-02-02,02:59,Жорстоке поводження з тваринами,lorem ipsum,17,397,23,20,17,5,1,2023-11-08
414,2023-01-23,11:09,Викрадення людини,lorem ipsum,24,464,24,12,10,3,0,1900-01-01
415,2023-10-19,19:34,Нанесення тяжких тілесних ушкоджень,lorem ipsum,6,467,17,10,7,1,0,1900-01-01
416,2023-03-19,16:03,Наклеп,lorem ipsum,13,481,10,16,13,4,1,2023-06-19
417,2023-11-17,03:40,Нанесення тяжких тілесних ушкоджень,lorem ipsum,29,352,20,9,10,4,0,1900-01-01
418,2023-10-13,19:26,Побої,lorem ipsum,1,38,25,14,14,3,0,1900-01-01
419,2023-04-15,15:57,Жорстоке поводження з тваринами,lorem ipsum,18,278,9,12,12,2,1,2023-10-19
420,2023-10-14,09:20,Побої,lorem ipsum,13,131,25,7,19,2,1,2024-04-10
421,2023-07-10,03:11,Хуліганство,lorem ipsum,18,46,12,15,16,1,1,2023-11-17
422,2023-02-23,17:23,Терористичний акт,lorem ipsum,25,126,11,21,6,5,1,2024-03-30
423,2023-06-10,13:50,Хуліганство,lorem ipsum,2,367,6,15,13,5,0,1900-01-01
424,2023-02-14,23:04,Нанесення тяжких тілесних ушкоджень,lorem ipsum,13,311,20,23,24,3,0,1900-01-01
425,2023-02-21,02:29,Терористичний акт,lorem ipsum,9,365,6,20,19,5,1,2023-10-12
426,2023-03-28,00:32,Хуліганство,lorem ipsum,17,265,10,15,23,3,0,1900-01-01
427,2023-08-27,16:50,Жорстоке поводження з тваринами,lorem ipsum,12,190,12,22,9,1,0,1900-01-01
428,2023-08-03,10:37,Нанесення тяжких тілесних ушкоджень,lorem ipsum,16,42,7,7,7,1,1,2024-02-07
429,2023-07-10,05:02,Побої,lorem ipsum,11,224,14,6,21,2,1,2024-03-18
430,2023-08-18,09:36,Викрадення людини,lorem ipsum,12,251,23,11,18,5,1,2024-01-07
431,2023-07-12,00:55,Хуліганство,lorem ipsum,13,241,19,12,15,3,1,2024-02-25
432,2023-06-24,14:21,Хуліганство,lorem ipsum,27,26,22,7,6,3,0,1900-01-01
433,2023-03-15,13:41,Викрадення людини,lorem ipsum,22,76,8,6,7,3,0,1900-01-01
434,2023-06-15,05:52,Викрадення людини,lorem ipsum,22,251,8,8,14,5,1,2023-12-22
435,2023-09-22,00:46,Наклеп,lorem ipsum,27,410,25,22,11,3,0,1900-01-01
436,2023-05-21,07:41,Хуліганство,lorem ipsum,24,476,11,16,23,5,0,1900-01-01
437,2023-08-05,04:00,Терористичний акт,lorem ipsum,9,278,7,6,8,3,1,2023-10-19
438,2023-03-13,09:10,Жорстоке поводження з тваринами,lorem ipsum,22,492,16,17,23,4,1,2024-01-06
439,2023-09-24,10:41,Наклеп,lorem ipsum,30,401,19,7,6,1,1,2023-12-09
440,2023-03-30,12:12,Викрадення людини,lorem ipsum,30,205,19,16,23,4,1,2024-01-24
441,2023-01-08,14:01,Наклеп,lorem ipsum,29,275,18,15,11,2,0,1900-01-01
442,2023-05-11,03:48,Терористичний акт,lorem ipsum,17,234,15,12,10,1,0,1900-01-01
443,2023-01-21,04:55,Вбивство,lorem ipsum,9,339,18,18,11,3,1,2024-05-22
444,2023-01-07,11:36,Хуліганство,lorem ipsum,4,77,20,13,12,5,0,1900-01-01
445,2023-09-05,20:52,Терористичний акт,lorem ipsum,8,78,13,14,6,3,0,1900-01-01
446,2023-05-28,17:37,Побої,lorem ipsum,2,386,15,12,11,2,1,2023-06-28
447,2023-10-21,21:37,Наклеп,lorem ipsum,7,50,16,25,11,5,1,2023-12-02
448,2023-09-19,21:10,Жорстоке поводження з тваринами,lorem ipsum,15,441,15,25,14,1,1,2024-01-01
449,2023-08-16,10:36,Хуліганство,lorem ipsum,10,312,7,22,11,2,1,2023-11-28
450,2023-05-01,19:45,Доведення до самогубства,lorem ipsum,13,458,18,10,12,5,0,1900-01-01
451,2023-04-14,06:43,Нанесення тяжких тілесних ушкоджень,lorem ipsum,26,42,13,17,21,1,0,1900-01-01
452,2023-06-27,06:54,Нанесення тяжких тілесних ушкоджень,lorem ipsum,2,249,18,9,19,4,1,2023-10-25
453,2023-05-23,03:12,Терористичний акт,lorem ipsum,27,36,8,13,14,5,0,1900-01-01
454,2023-04-26,05:07,Жорстоке поводження з тваринами,lorem ipsum,30,452,10,8,14,3,0,1900-01-01
455,2023-10-13,12:31,Доведення до самогубства,lorem ipsum,26,473,13,19,21,1,1,2024-04-28
456,2023-01-27,19:26,Доведення до самогубства,lorem ipsum,4,465,13,23,6,2,1,2023-12-20
457,2023-08-15,11:26,Терористичний акт,lorem ipsum,10,338,9,18,25,5,1,2023-09-19
458,2023-04-27,06:57,Терористичний акт,lorem ipsum,4,307,11,12,12,3,1,2024-01-09
459,2023-12-18,20:47,Наклеп,lorem ipsum,8,135,7,9,16,5,0,1900-01-01
460,2023-06-05,00:20,Нанесення тяжких тілесних ушкоджень,lorem ipsum,10,69,7,17,20,5,0,1900-01-01
461,2023-03-13,13:07,Нанесення тяжких тілесних ушкоджень,lorem ipsum,22,392,14,11,14,2,1,2023-11-05
462,2023-06-09,06:08,Хуліганство,lorem ipsum,30,497,16,8,11,1,0,1900-01-01
463,2023-06-07,23:38,Нанесення тяжких тілесних ушкоджень,lorem ipsum,25,247,8,20,9,5,0,1900-01-01
464,2023-04-17,20:55,Нанесення тяжких тілесних ушкоджень,lorem ipsum,6,433,20,6,7,4,1,2024-03-13
465,2023-09-15,14:58,Доведення до самогубства,lorem ipsum,2,207,9,17,20,3,1,2023-11-16
466,2023-03-05,07:32,Здирство,lorem ipsum,24,342,10,16,22,5,1,2023-03-27
467,2023-08-27,17:30,Хуліганство,lorem ipsum,3,113,20,9,25,5,1,2023-12-22
468,2023-03-11,06:46,Викрадення людини,lorem ipsum,10,71,21,14,7,3,0,1900-01-01
469,2023-03-21,13:05,Жорстоке поводження з тваринами,lorem ipsum,10,312,15,8,16,4,0,1900-01-01
470,2023-12-18,06:43,Наклеп,lorem ipsum,2,323,25,9,22,2,1,2024-03-14
471,2023-01-20,20:31,Вбивство,lorem ipsum,20,266,7,23,10,5,0,1900-01-01
472,2023-01-22,15:56,Побої,lorem ipsum,25,408,7,20,11,3,0,1900-01-01
473,2023-11-24,11:53,Побої,lorem ipsum,18,27,16,17,12,4,1,2024-04-15
474,2023-01-07,10:18,Жорстоке поводження з тваринами,lorem ipsum,6,82,22,20,22,3,1,2023-11-26
475,2023-01-05,03:03,Побої,lorem ipsum,11,466,14,17,7,1,1,2023-08-09
476,2023-06-23,21:20,Нанесення тяжких тілесних ушкоджень,lorem ipsum,23,344,6,16,8,5,1,2024-02-05
477,2023-09-11,12:57,Побої,lorem ipsum,12,307,13,18,24,4,0,1900-01-01
478,2023-10-16,05:21,Викрадення людини,lorem ipsum,14,318,7,18,16,3,0,1900-01-01
479,2023-07-28,00:55,Наклеп,lorem ipsum,21,496,8,15,18,5,1,2024-03-31
480,2023-02-06,10:06,Жорстоке поводження з тваринами,lorem ipsum,25,422,25,20,14,2,0,1900-01-01
481,2023-05-25,20:05,Жорстоке поводження з тваринами,lorem ipsum,23,411,13,25,12,2,0,1900-01-01
482,2023-10-31,14:51,Хуліганство,lorem ipsum,18,287,24,18,16,1,1,2024-04-03
483,2023-07-14,03:26,Здирство,lorem ipsum,19,132,6,17,12,4,1,2023-11-05
484,2023-01-19,02:00,Побої,lorem ipsum,23,189,18,23,17,2,1,2024-01-07
485,2023-01-07,23:14,Доведення до самогубства,lorem ipsum,15,261,21,25,20,2,1,2023-06-03
486,2023-06-09,22:56,Викрадення людини,lorem ipsum,14,451,15,19,23,4,0,1900-01-01
487,2023-11-02,10:18,Терористичний акт,lorem ipsum,19,37,13,12,23,5,0,1900-01-01
488,2023-05-20,10:52,Вбивство,lorem ipsum,13,79,7,7,24,5,1,2023-09-27
489,2023-04-23,02:42,Побої,lorem ipsum,19,441,9,16,22,1,0,1900-01-01
490,2023-07-12,18:10,Доведення до самогубства,lorem ipsum,8,171,20,17,6,1,0,1900-01-01
491,2023-08-24,19:35,Жорстоке поводження з тваринами,lorem ipsum,26,217,14,15,6,1,1,2023-12-11
492,2023-08-09,03:06,Доведення до самогубства,lorem ipsum,9,344,17,20,14,3,1,2024-02-05
493,2023-03-24,14:10,Вбивство,lorem ipsum,15,446,7,17,16,4,1,2023-03-31
494,2023-04-03,05:40,Жорстоке поводження з тваринами,lorem ipsum,17,430,24,24,20,3,1,2023-07-15
495,2023-04-01,18:42,Хуліганство,lorem ipsum,4,170,14,14,17,2,0,1900-01-01
496,2023-11-05,22:15,Вбивство,lorem ipsum,5,175,20,7,21,4,0,1900-01-01
497,2023-09-24,21:36,Наклеп,lorem ipsum,11,266,10,8,19,3,1,2024-01-30
498,2023-09-24,06:38,Вбивство,lorem ipsum,27,471,18,14,8,1,0,1900-01-01
499,2023-07-17,22:22,Доведення до самогубства,lorem ipsum,22,442,22,18,21,3,0,1900-01-01
500,2023-09-21,02:32,Вбивство,lorem ipsum,5,114,16,21,6,4,1,2023-12-27
